Number ,Date,Site,Treatment,Elevation,Mean_temp,Weekly_av,Average_per_plot ,,,,Week,Site,Treatment,Elevation ,Mean_weekly_temp
24,24/06/2016,1,B,794,16.770833,12.93749986,11.93429487,,,,1,1,B,794,12.93749986
25,24/06/2016,1,M,794,15.1875,10.26190471,10.57211537,,,,1,1,M,794,10.26190471
26,24/06/2016,1,T,794,15.8125,11.26190471,11.04527242,,,,1,1,T,794,11.26190471
27,24/06/2016,2,A,922,14.75,10.264881,10.5508814,,,,1,2,A,922,10.264881
28,24/06/2016,3,A,1049,12.916667,7.086309429,6.81891025,,,,1,3,A,1049,7.086309429
29,24/06/2016,4,A,1175,11.458333,4.238095143,4.17267625,,,,1,4,A,1175,4.238095143
30,24/06/2016,4,B,1175,15.3125,9.053571286,8.034054481,,,,1,4,B,1175,9.053571286
31,24/06/2016,4,M,1175,13.75,7.589285857,7.465945538,,,,1,4,M,1175,7.589285857
32,24/06/2016,4,T,1175,13.0625,6.767857143,5.90264425,,,,1,4,T,1175,6.767857143
33,24/06/2016,5,A,1299,14.479167,7.806547571,8.475160231,,,,1,5,A,1299,7.806547571
34,24/06/2016,6,A,1425,14.541667,6.8125,8.411057692,,,,1,6,A,1425,6.8125
35,24/06/2016,7,B,1551,16.916667,11.08333329,10.40745192,,,,1,7,B,1551,11.08333329
36,24/06/2016,7,M,1551,16.145833,9.401785714,9.141025635,,,,1,7,M,1551,9.401785714
37,24/06/2016,7,T,1551,15.666667,8.473214286,8.236378231,,,,1,7,T,1551,8.473214286
38,24/06/2016,8,A,1684,14.395833,4.345238143,4.561698731,,,,1,8,A,1684,4.345238143
20,24/06/2016,10,A,1926,16.208333,5.851190429,6.762019231,,,,1,10,A,1926,5.851190429
21,24/06/2016,10,B,1926,18.020833,10.01785714,9.243990404,,,,1,10,B,1926,10.01785714
22,24/06/2016,10,M,1926,16.979167,7.904761857,7.945913481,,,,1,10,M,1926,7.904761857
23,24/06/2016,10,T,1926,17.4375,8.276785714,8.063701865,,,,1,10,T,1926,8.276785714
43,25/06/2016,1,B,794,12.854167,,,,,,2,1,B,794,11.577381
44,25/06/2016,1,M,794,10.5,,,,,,2,1,M,794,9.699404714
45,25/06/2016,1,T,794,11.145833,,,,,,2,1,T,794,10.41964286
46,25/06/2016,2,A,922,10,,,,,,2,2,A,922,9.401785714
47,25/06/2016,3,A,1049,6.645833,,,,,,2,3,A,1049,6.133928429
48,25/06/2016,4,A,1175,3.1875,,,,,,2,4,A,1175,3.392857143
49,25/06/2016,4,B,1175,8.645833,,,,,,2,4,B,1175,7.434523714
50,25/06/2016,4,M,1175,7.104167,,,,,,2,4,M,1175,6.779761857
51,25/06/2016,4,T,1175,6.020833,,,,,,2,4,T,1175,5.342262
52,25/06/2016,5,A,1299,6.875,,,,,,2,5,A,1299,7.077380857
53,25/06/2016,6,A,1425,5.5625,,,,,,2,6,A,1425,6.5625
54,25/06/2016,7,B,1551,10.208333,,,,,,2,7,B,1551,9.538690429
55,25/06/2016,7,M,1551,8.520833,,,,,,2,7,M,1551,7.940476143
56,25/06/2016,7,T,1551,7.104167,,,,,,2,7,T,1551,6.952381143
57,25/06/2016,8,A,1684,2.541667,,,,,,2,8,A,1684,3.050595286
39,25/06/2016,10,A,1926,4.4375,,,,,,2,10,A,1926,4.321428571
40,25/06/2016,10,B,1926,9.291667,,,,,,2,10,B,1926,7.800595286
41,25/06/2016,10,M,1926,7.041667,,,,,,2,10,M,1926,6.342261857
42,25/06/2016,10,T,1926,6.8125,,,,,,2,10,T,1926,6.538690429
62,26/06/2016,1,B,794,12.375,,,,,,3,1,B,794,13.64285729
63,26/06/2016,1,M,794,8.583333,,,,,,3,1,M,794,12.57142857
64,26/06/2016,1,T,794,10.166667,,,,,,3,1,T,794,13.35416671
65,26/06/2016,2,A,922,8.9375,,,,,,3,2,A,922,12.75000014
66,26/06/2016,3,A,1049,6.0625,,,,,,3,3,A,1049,8.241071571
67,26/06/2016,4,A,1175,2.75,,,,,,3,4,A,1175,4.827380857
68,26/06/2016,4,B,1175,7.770833,,,,,,3,4,B,1175,9.773809571
69,26/06/2016,4,M,1175,5.979167,,,,,,3,4,M,1175,9.151785571
70,26/06/2016,4,T,1175,5.5625,,,,,,3,4,T,1175,6.970238286
71,26/06/2016,5,A,1299,6.333333,,,,,,3,5,A,1299,9.517857
72,26/06/2016,6,A,1425,5.416667,,,,,,3,6,A,1425,9.258928571
73,26/06/2016,7,B,1551,10.270833,,,,,,3,7,B,1551,11.27380971
74,26/06/2016,7,M,1551,8.333333,,,,,,3,7,M,1551,10.23214286
75,26/06/2016,7,T,1551,7.5,,,,,,3,7,T,1551,8.580357143
76,26/06/2016,8,A,1684,2.5,,,,,,3,8,A,1684,4.666666571
58,26/06/2016,10,A,1926,3.8125,,,,,,3,10,A,1926,7.342262
59,26/06/2016,10,B,1926,8.3125,,,,,,3,10,B,1926,9.973214286
60,26/06/2016,10,M,1926,5.583333,,,,,,3,10,M,1926,8.934523857
61,26/06/2016,10,T,1926,6.75,,,,,,3,10,T,1926,8.410714143
81,27/06/2016,1,B,794,12.583333,,,,,,4,1,B,794,14.02678571
82,27/06/2016,1,M,794,9.333333,,,,,,4,1,M,794,13.34226186
83,27/06/2016,1,T,794,10.520833,,,,,,4,1,T,794,13.702381
84,27/06/2016,2,A,922,9.541667,,,,,,4,2,A,922,12.9375
85,27/06/2016,3,A,1049,5.895833,,,,,,4,3,A,1049,8.889881
86,27/06/2016,4,A,1175,2.9375,,,,,,4,4,A,1175,5.431547714
87,27/06/2016,4,B,1175,8.125,,,,,,4,4,B,1175,9.639881
88,27/06/2016,4,M,1175,6.625,,,,,,4,4,M,1175,9.336309571
89,27/06/2016,4,T,1175,5.8125,,,,,,4,4,T,1175,6.854166571
90,27/06/2016,5,A,1299,6.458333,,,,,,4,5,A,1299,10.60119043
91,27/06/2016,6,A,1425,5.333333,,,,,,4,6,A,1425,10.78869043
92,27/06/2016,7,B,1551,10.125,,,,,,4,7,B,1551,11.392857
93,27/06/2016,7,M,1551,8.041667,,,,,,4,7,M,1551,10.80952386
94,27/06/2016,7,T,1551,7.333333,,,,,,4,7,T,1551,9.613095429
95,27/06/2016,8,A,1684,2.520833,,,,,,4,8,A,1684,5.770833286
77,27/06/2016,10,A,1926,3.75,,,,,,4,10,A,1926,9.193452286
78,27/06/2016,10,B,1926,8.041667,,,,,,4,10,B,1926,9.937499857
79,27/06/2016,10,M,1926,5.875,,,,,,4,10,M,1926,9.556547714
80,27/06/2016,10,T,1926,6.229167,,,,,,4,10,T,1926,9.127976
100,28/06/2016,1,B,794,12.520833,,,,,,5,1,B,794,9.797619
101,28/06/2016,1,M,794,9.854167,,,,,,5,1,M,794,9.312500143
102,28/06/2016,1,T,794,10.8125,,,,,,5,1,T,794,9.122023571
103,28/06/2016,2,A,922,9.666667,,,,,,5,2,A,922,8.735118857
104,28/06/2016,3,A,1049,6.166667,,,,,,5,3,A,1049,5.291666571
105,28/06/2016,4,A,1175,3.145833,,,,,,5,4,A,1175,3.446428429
106,28/06/2016,4,B,1175,8,,,,,,5,4,B,1175,6.220238286
107,28/06/2016,4,M,1175,6.791667,,,,,,5,4,M,1175,5.886904857
108,28/06/2016,4,T,1175,5.895833,,,,,,5,4,T,1175,4.714285714
109,28/06/2016,5,A,1299,6.833333,,,,,,5,5,A,1299,7.431547714
110,28/06/2016,6,A,1425,5.5625,,,,,,5,6,A,1425,7.75
111,28/06/2016,7,B,1551,10.083333,,,,,,5,7,B,1551,8.321428714
112,28/06/2016,7,M,1551,8.25,,,,,,5,7,M,1551,7.467261857
113,28/06/2016,7,T,1551,7.125,,,,,,5,7,T,1551,6.848214286
114,28/06/2016,8,A,1684,2.75,,,,,,5,8,A,1684,4.369047714
96,28/06/2016,10,A,1926,4.125,,,,,,5,10,A,1926,6.574404857
97,28/06/2016,10,B,1926,8.520833,,,,,,5,10,B,1926,7.255952286
98,28/06/2016,10,M,1926,6.3125,,,,,,5,10,M,1926,6.556547571
99,28/06/2016,10,T,1926,6.520833,,,,,,5,10,T,1926,7.556547571
119,29/06/2016,1,B,794,11.6875,,,,,,6,1,B,794,10.21130957
120,29/06/2016,1,M,794,8.4375,,,,,,6,1,M,794,9.211309571
121,29/06/2016,1,T,794,10.041667,,,,,,6,1,T,794,9.154761857
122,29/06/2016,2,A,922,8.708333,,,,,,6,2,A,922,9.797619
123,29/06/2016,3,A,1049,5.645833,,,,,,6,3,A,1049,5.946428714
124,29/06/2016,4,A,1175,2.75,,,,,,6,4,A,1175,3.800595286
125,29/06/2016,4,B,1175,7.4375,,,,,,6,4,B,1175,7.148809571
126,29/06/2016,4,M,1175,5.729167,,,,,,6,4,M,1175,6.755952429
127,29/06/2016,4,T,1175,5.416667,,,,,,6,4,T,1175,5.663690571
128,29/06/2016,5,A,1299,6.541667,,,,,,6,5,A,1299,8.383928571
129,29/06/2016,6,A,1425,5.458333,,,,,,6,6,A,1425,8.836309571
130,29/06/2016,7,B,1551,11.041667,,,,,,6,7,B,1551,10.82440471
131,29/06/2016,7,M,1551,8.729167,,,,,,6,7,M,1551,9.321428429
132,29/06/2016,7,T,1551,7.625,,,,,,6,7,T,1551,8.607142857
133,29/06/2016,8,A,1684,2.791667,,,,,,6,8,A,1684,5.113095143
115,29/06/2016,10,A,1926,4.375,,,,,,6,10,A,1926,7.270833286
116,29/06/2016,10,B,1926,9.770833,,,,,,6,10,B,1926,10.55059529
117,29/06/2016,10,M,1926,7.458333,,,,,,6,10,M,1926,8.583333429
118,29/06/2016,10,T,1926,7.6875,,,,,,6,10,T,1926,8.714285714
138,30/06/2016,1,B,794,11.770833,,,,,,7,1,B,794,11.45535714
139,30/06/2016,1,M,794,9.9375,,,,,,7,1,M,794,9.883928429
140,30/06/2016,1,T,794,10.333333,,,,,,7,1,T,794,10.34821429
141,30/06/2016,2,A,922,10.25,,,,,,7,2,A,922,10.23809529
142,30/06/2016,3,A,1049,6.270833,,,,,,7,3,A,1049,6.193452286
143,30/06/2016,4,A,1175,3.4375,,,,,,7,4,A,1175,4.157738143
144,30/06/2016,4,B,1175,8.083333,,,,,,7,4,B,1175,7.488095143
145,30/06/2016,4,M,1175,7.145833,,,,,,7,4,M,1175,7.136904857
146,30/06/2016,4,T,1175,5.604167,,,,,,7,4,T,1175,6.005952286
147,30/06/2016,5,A,1299,7.125,,,,,,7,5,A,1299,8.645833286
148,30/06/2016,6,A,1425,5.8125,,,,,,7,6,A,1425,8.657738143
149,30/06/2016,7,B,1551,8.9375,,,,,,7,7,B,1551,10.91369057
150,30/06/2016,7,M,1551,7.791667,,,,,,7,7,M,1551,9.398809571
151,30/06/2016,7,T,1551,6.958333,,,,,,7,7,T,1551,8.800595143
152,30/06/2016,8,A,1684,2.916667,,,,,,7,8,A,1684,5.181547714
134,30/06/2016,10,A,1926,4.25,,,,,,7,10,A,1926,6.976190429
135,30/06/2016,10,B,1926,8.166667,,,,,,7,10,B,1926,10.074405
136,30/06/2016,10,M,1926,6.083333,,,,,,7,10,M,1926,8.372023857
137,30/06/2016,10,T,1926,6.5,,,,,,7,10,T,1926,8.922619
157,01/07/2016,1,B,794,10.9375,11.577381,,,,,8,1,B,794,11.50231478
158,01/07/2016,1,M,794,8.854167,9.699404714,,,,,8,1,M,794,9.826388778
159,01/07/2016,1,T,794,9.583333,10.41964286,,,,,8,1,T,794,10.34490744
160,01/07/2016,2,A,922,9.1875,9.401785714,,,,,8,2,A,922,10.08101856
161,01/07/2016,3,A,1049,5.833333,6.133928429,,,,,8,3,A,1049,6.067129556
162,01/07/2016,4,A,1175,3.145833,3.392857143,,,,,8,4,A,1175,4.120370333
163,01/07/2016,4,B,1175,7.020833,7.434523714,,,,,8,4,B,1175,7.351851778
164,01/07/2016,4,M,1175,6.270833,6.779761857,,,,,8,4,M,1175,6.988426
165,01/07/2016,4,T,1175,5.354167,5.342262,,,,,8,4,T,1175,5.870370333
166,01/07/2016,5,A,1299,6.5,7.077380857,,,,,8,5,A,1299,8.497685222
167,01/07/2016,6,A,1425,5.583333,6.5625,,,,,8,6,A,1425,8.511574111
168,01/07/2016,7,B,1551,9.520833,9.538690429,,,,,8,7,B,1551,10.47222222
169,01/07/2016,7,M,1551,7.4375,7.940476143,,,,,8,7,M,1551,8.967592667
170,01/07/2016,7,T,1551,6.875,6.952381143,,,,,8,7,T,1551,8.513888778
171,01/07/2016,8,A,1684,2.645833,3.050595286,,,,,8,8,A,1684,4.983796444
153,01/07/2016,10,A,1926,3.916667,4.321428571,,,,,8,10,A,1926,6.662037
154,01/07/2016,10,B,1926,7.833333,7.800595286,,,,,8,10,B,1926,9.395833556
155,01/07/2016,10,M,1926,5.979167,6.342261857,,,,,8,10,M,1926,7.775463
156,01/07/2016,10,T,1926,6.416667,6.538690429,,,,,8,10,T,1926,8.499999889
176,02/07/2016,1,B,794,11.166667,,,,,,,,,,
177,02/07/2016,1,M,794,10.25,,,,,,,,,,
178,02/07/2016,1,T,794,10.1875,,,,,,,,,,
179,02/07/2016,2,A,922,8.958333,,,,,,,,,,
180,02/07/2016,3,A,1049,6.520833,,,,,,,,,,
181,02/07/2016,4,A,1175,3.5,,,,,,,,,,
182,02/07/2016,4,B,1175,7,,,,,,,,,,
183,02/07/2016,4,M,1175,6.625,,,,,,,,,,
184,02/07/2016,4,T,1175,5.166667,,,,,,,,,,
185,02/07/2016,5,A,1299,6.8125,,,,,,,,,,
186,02/07/2016,6,A,1425,5.9375,,,,,,,,,,
187,02/07/2016,7,B,1551,7.625,,,,,,,,,,
188,02/07/2016,7,M,1551,6.916667,,,,,,,,,,
189,02/07/2016,7,T,1551,6.166667,,,,,,,,,,
190,02/07/2016,8,A,1684,2.541667,,,,,,,,,,
172,02/07/2016,10,A,1926,3.8125,,,,,,,,,,
173,02/07/2016,10,B,1926,6.708333,,,,,,,,,,
174,02/07/2016,10,M,1926,5.145833,,,,,,,,,,
175,02/07/2016,10,T,1926,5.645833,,,,,,,,,,
195,03/07/2016,1,B,794,10.375,,,,,,,,,,
196,03/07/2016,1,M,794,9.520833,,,,,,,,,,
197,03/07/2016,1,T,794,9.520833,,,,,,,,,,
198,03/07/2016,2,A,922,8.229167,,,,,,,,,,
199,03/07/2016,3,A,1049,5.8125,,,,,,,,,,
200,03/07/2016,4,A,1175,3.125,,,,,,,,,,
201,03/07/2016,4,B,1175,6.708333,,,,,,,,,,
202,03/07/2016,4,M,1175,6.1875,,,,,,,,,,
203,03/07/2016,4,T,1175,4.1875,,,,,,,,,,
204,03/07/2016,5,A,1299,6.583333,,,,,,,,,,
205,03/07/2016,6,A,1425,6.020833,,,,,,,,,,
206,03/07/2016,7,B,1551,7.75,,,,,,,,,,
207,03/07/2016,7,M,1551,6.729167,,,,,,,,,,
208,03/07/2016,7,T,1551,6,,,,,,,,,,
209,03/07/2016,8,A,1684,2.5625,,,,,,,,,,
191,03/07/2016,10,A,1926,3.645833,,,,,,,,,,
192,03/07/2016,10,B,1926,6.229167,,,,,,,,,,
193,03/07/2016,10,M,1926,5.0625,,,,,,,,,,
194,03/07/2016,10,T,1926,5.3125,,,,,,,,,,
214,04/07/2016,1,B,794,11.3125,,,,,,,,,,
215,04/07/2016,1,M,794,8.875,,,,,,,,,,
216,04/07/2016,1,T,794,10.166667,,,,,,,,,,
217,04/07/2016,2,A,922,8.375,,,,,,,,,,
218,04/07/2016,3,A,1049,5.708333,,,,,,,,,,
219,04/07/2016,4,A,1175,2.916667,,,,,,,,,,
220,04/07/2016,4,B,1175,7.395833,,,,,,,,,,
221,04/07/2016,4,M,1175,5.9375,,,,,,,,,,
222,04/07/2016,4,T,1175,4.6875,,,,,,,,,,
223,04/07/2016,5,A,1299,6.875,,,,,,,,,,
224,04/07/2016,6,A,1425,6.520833,,,,,,,,,,
225,04/07/2016,7,B,1551,10.875,,,,,,,,,,
226,04/07/2016,7,M,1551,8.208333,,,,,,,,,,
227,04/07/2016,7,T,1551,7.104167,,,,,,,,,,
228,04/07/2016,8,A,1684,2.875,,,,,,,,,,
210,04/07/2016,10,A,1926,4.4375,,,,,,,,,,
211,04/07/2016,10,B,1926,8.333333,,,,,,,,,,
212,04/07/2016,10,M,1926,7.208333,,,,,,,,,,
213,04/07/2016,10,T,1926,6.833333,,,,,,,,,,
233,05/07/2016,1,B,794,11.895833,,,,,,,,,,
234,05/07/2016,1,M,794,9.020833,,,,,,,,,,
235,05/07/2016,1,T,794,10.4375,,,,,,,,,,
236,05/07/2016,2,A,922,9.604167,,,,,,,,,,
237,05/07/2016,3,A,1049,6.041667,,,,,,,,,,
238,05/07/2016,4,A,1175,3.520833,,,,,,,,,,
239,05/07/2016,4,B,1175,7.9375,,,,,,,,,,
240,05/07/2016,4,M,1175,7.270833,,,,,,,,,,
241,05/07/2016,4,T,1175,6,,,,,,,,,,
242,05/07/2016,5,A,1299,7.395833,,,,,,,,,,
243,05/07/2016,6,A,1425,7.041667,,,,,,,,,,
244,05/07/2016,7,B,1551,11.854167,,,,,,,,,,
245,05/07/2016,7,M,1551,9.4375,,,,,,,,,,
246,05/07/2016,7,T,1551,7.979167,,,,,,,,,,
247,05/07/2016,8,A,1684,3.479167,,,,,,,,,,
229,05/07/2016,10,A,1926,5.0625,,,,,,,,,,
230,05/07/2016,10,B,1926,9.979167,,,,,,,,,,
231,05/07/2016,10,M,1926,8.375,,,,,,,,,,
232,05/07/2016,10,T,1926,8.1875,,,,,,,,,,
252,06/07/2016,1,B,794,12.166667,,,,,,,,,,
253,06/07/2016,1,M,794,10.083333,,,,,,,,,,
254,06/07/2016,1,T,794,10.875,,,,,,,,,,
255,06/07/2016,2,A,922,10.25,,,,,,,,,,
256,06/07/2016,3,A,1049,6.145833,,,,,,,,,,
257,06/07/2016,4,A,1175,3.625,,,,,,,,,,
258,06/07/2016,4,B,1175,7.625,,,,,,,,,,
259,06/07/2016,4,M,1175,7.229167,,,,,,,,,,
260,06/07/2016,4,T,1175,5.875,,,,,,,,,,
261,06/07/2016,5,A,1299,7.333333,,,,,,,,,,
262,06/07/2016,6,A,1425,7.104167,,,,,,,,,,
263,06/07/2016,7,B,1551,9.375,,,,,,,,,,
264,06/07/2016,7,M,1551,8.208333,,,,,,,,,,
265,06/07/2016,7,T,1551,7.104167,,,,,,,,,,
266,06/07/2016,8,A,1684,3.625,,,,,,,,,,
248,06/07/2016,10,A,1926,4.604167,,,,,,,,,,
249,06/07/2016,10,B,1926,7.791667,,,,,,,,,,
250,06/07/2016,10,M,1926,6.291667,,,,,,,,,,
251,06/07/2016,10,T,1926,6.729167,,,,,,,,,,
271,07/07/2016,1,B,794,13.1875,,,,,,,,,,
272,07/07/2016,1,M,794,11.291667,,,,,,,,,,
273,07/07/2016,1,T,794,12.166667,,,,,,,,,,
274,07/07/2016,2,A,922,11.208333,,,,,,,,,,
275,07/07/2016,3,A,1049,6.875,,,,,,,,,,
276,07/07/2016,4,A,1175,3.916667,,,,,,,,,,
277,07/07/2016,4,B,1175,8.354167,,,,,,,,,,
278,07/07/2016,4,M,1175,7.9375,,,,,,,,,,
279,07/07/2016,4,T,1175,6.125,,,,,,,,,,
280,07/07/2016,5,A,1299,8.041667,,,,,,,,,,
281,07/07/2016,6,A,1425,7.729167,,,,,,,,,,
282,07/07/2016,7,B,1551,9.770833,,,,,,,,,,
283,07/07/2016,7,M,1551,8.645833,,,,,,,,,,
284,07/07/2016,7,T,1551,7.4375,,,,,,,,,,
285,07/07/2016,8,A,1684,3.625,,,,,,,,,,
267,07/07/2016,10,A,1926,4.770833,,,,,,,,,,
268,07/07/2016,10,B,1926,7.729167,,,,,,,,,,
269,07/07/2016,10,M,1926,6.333333,,,,,,,,,,
270,07/07/2016,10,T,1926,6.645833,,,,,,,,,,
290,08/07/2016,1,B,794,13.854167,13.64285729,,,,,,,,,
291,08/07/2016,1,M,794,12.395833,12.57142857,,,,,,,,,
292,08/07/2016,1,T,794,13.166667,13.35416671,,,,,,,,,
293,08/07/2016,2,A,922,12.125,12.75000014,,,,,,,,,
294,08/07/2016,3,A,1049,7.75,8.241071571,,,,,,,,,
295,08/07/2016,4,A,1175,4.416667,4.827380857,,,,,,,,,
296,08/07/2016,4,B,1175,9.5625,9.773809571,,,,,,,,,
297,08/07/2016,4,M,1175,8.895833,9.151785571,,,,,,,,,
298,08/07/2016,4,T,1175,6.833333,6.970238286,,,,,,,,,
299,08/07/2016,5,A,1299,8.8125,9.517857,,,,,,,,,
300,08/07/2016,6,A,1425,8.541667,9.258928571,,,,,,,,,
301,08/07/2016,7,B,1551,10.854167,11.27380971,,,,,,,,,
302,08/07/2016,7,M,1551,9.75,10.23214286,,,,,,,,,
303,08/07/2016,7,T,1551,8.125,8.580357143,,,,,,,,,
304,08/07/2016,8,A,1684,4.208333,4.666666571,,,,,,,,,
286,08/07/2016,10,A,1926,5.541667,7.342262,,,,,,,,,
287,08/07/2016,10,B,1926,9.291667,9.973214286,,,,,,,,,
288,08/07/2016,10,M,1926,8.0625,8.934523857,,,,,,,,,
289,08/07/2016,10,T,1926,7.5625,8.410714143,,,,,,,,,
309,09/07/2016,1,B,794,13.041667,,,,,,,,,,
310,09/07/2016,1,M,794,12,,,,,,,,,,
311,09/07/2016,1,T,794,13.145833,,,,,,,,,,
312,09/07/2016,2,A,922,12.479167,,,,,,,,,,
313,09/07/2016,3,A,1049,8.104167,,,,,,,,,,
314,09/07/2016,4,A,1175,4.583333,,,,,,,,,,
315,09/07/2016,4,B,1175,10,,,,,,,,,,
316,09/07/2016,4,M,1175,9.104167,,,,,,,,,,
317,09/07/2016,4,T,1175,7.354167,,,,,,,,,,
318,09/07/2016,5,A,1299,9.208333,,,,,,,,,,
319,09/07/2016,6,A,1425,8.875,,,,,,,,,,
320,09/07/2016,7,B,1551,12.104167,,,,,,,,,,
321,09/07/2016,7,M,1551,10.333333,,,,,,,,,,
322,09/07/2016,7,T,1551,8.604167,,,,,,,,,,
323,09/07/2016,8,A,1684,4.5625,,,,,,,,,,
305,09/07/2016,10,A,1926,6.291667,,,,,,,,,,
306,09/07/2016,10,B,1926,11.458333,,,,,,,,,,
307,09/07/2016,10,M,1926,9.541667,,,,,,,,,,
308,09/07/2016,10,T,1926,9.208333,,,,,,,,,,
328,10/07/2016,1,B,794,11.291667,,,,,,,,,,
329,10/07/2016,1,M,794,10.666667,,,,,,,,,,
330,10/07/2016,1,T,794,10.9375,,,,,,,,,,
331,10/07/2016,2,A,922,11.729167,,,,,,,,,,
332,10/07/2016,3,A,1049,7.166667,,,,,,,,,,
333,10/07/2016,4,A,1175,4.395833,,,,,,,,,,
334,10/07/2016,4,B,1175,7.875,,,,,,,,,,
335,10/07/2016,4,M,1175,8.125,,,,,,,,,,
336,10/07/2016,4,T,1175,6.416667,,,,,,,,,,
337,10/07/2016,5,A,1299,8.541667,,,,,,,,,,
338,10/07/2016,6,A,1425,8.270833,,,,,,,,,,
339,10/07/2016,7,B,1551,8.625,,,,,,,,,,
340,10/07/2016,7,M,1551,8.395833,,,,,,,,,,
341,10/07/2016,7,T,1551,7.4375,,,,,,,,,,
342,10/07/2016,8,A,1684,4.041667,,,,,,,,,,
324,10/07/2016,10,A,1926,6.4375,,,,,,,,,,
325,10/07/2016,10,B,1926,8.020833,,,,,,,,,,
326,10/07/2016,10,M,1926,6.770833,,,,,,,,,,
327,10/07/2016,10,T,1926,7.083333,,,,,,,,,,
347,11/07/2016,1,B,794,13.25,,,,,,,,,,
348,11/07/2016,1,M,794,12.333333,,,,,,,,,,
349,11/07/2016,1,T,794,12.895833,,,,,,,,,,
350,11/07/2016,2,A,922,12.729167,,,,,,,,,,
351,11/07/2016,3,A,1049,7.6875,,,,,,,,,,
352,11/07/2016,4,A,1175,4.770833,,,,,,,,,,
353,11/07/2016,4,B,1175,9.020833,,,,,,,,,,
354,11/07/2016,4,M,1175,8.833333,,,,,,,,,,
355,11/07/2016,4,T,1175,6.354167,,,,,,,,,,
356,11/07/2016,5,A,1299,8.958333,,,,,,,,,,
357,11/07/2016,6,A,1425,8.833333,,,,,,,,,,
358,11/07/2016,7,B,1551,9.854167,,,,,,,,,,
359,11/07/2016,7,M,1551,9.1875,,,,,,,,,,
360,11/07/2016,7,T,1551,7.833333,,,,,,,,,,
361,11/07/2016,8,A,1684,4.020833,,,,,,,,,,
343,11/07/2016,10,A,1926,7.895833,,,,,,,,,,
344,11/07/2016,10,B,1926,8.041667,,,,,,,,,,
345,11/07/2016,10,M,1926,8.4375,,,,,,,,,,
346,11/07/2016,10,T,1926,7.5625,,,,,,,,,,
366,12/07/2016,1,B,794,14.625,,,,,,,,,,
367,12/07/2016,1,M,794,13.375,,,,,,,,,,
368,12/07/2016,1,T,794,14.1875,,,,,,,,,,
369,12/07/2016,2,A,922,13.395833,,,,,,,,,,
370,12/07/2016,3,A,1049,8.375,,,,,,,,,,
371,12/07/2016,4,A,1175,5,,,,,,,,,,
372,12/07/2016,4,B,1175,10.104167,,,,,,,,,,
373,12/07/2016,4,M,1175,9.333333,,,,,,,,,,
374,12/07/2016,4,T,1175,6.4375,,,,,,,,,,
375,12/07/2016,5,A,1299,9.708333,,,,,,,,,,
376,12/07/2016,6,A,1425,9.604167,,,,,,,,,,
377,12/07/2016,7,B,1551,11.416667,,,,,,,,,,
378,12/07/2016,7,M,1551,10.479167,,,,,,,,,,
379,12/07/2016,7,T,1551,8.625,,,,,,,,,,
380,12/07/2016,8,A,1684,4.8125,,,,,,,,,,
362,12/07/2016,10,A,1926,8.479167,,,,,,,,,,
363,12/07/2016,10,B,1926,10.208333,,,,,,,,,,
364,12/07/2016,10,M,1926,9.541667,,,,,,,,,,
365,12/07/2016,10,T,1926,8.645833,,,,,,,,,,
385,13/07/2016,1,B,794,14.833333,,,,,,,,,,
386,13/07/2016,1,M,794,13.666667,,,,,,,,,,
387,13/07/2016,1,T,794,14.666667,,,,,,,,,,
388,13/07/2016,2,A,922,13.4375,,,,,,,,,,
389,13/07/2016,3,A,1049,9.0625,,,,,,,,,,
390,13/07/2016,4,A,1175,5.083333,,,,,,,,,,
391,13/07/2016,4,B,1175,10.854167,,,,,,,,,,
392,13/07/2016,4,M,1175,9.645833,,,,,,,,,,
393,13/07/2016,4,T,1175,7.354167,,,,,,,,,,
394,13/07/2016,5,A,1299,10.375,,,,,,,,,,
395,13/07/2016,6,A,1425,10.041667,,,,,,,,,,
396,13/07/2016,7,B,1551,12.479167,,,,,,,,,,
397,13/07/2016,7,M,1551,11.291667,,,,,,,,,,
398,13/07/2016,7,T,1551,9.3125,,,,,,,,,,
399,13/07/2016,8,A,1684,5.3125,,,,,,,,,,
381,13/07/2016,10,A,1926,8.229167,,,,,,,,,,
382,13/07/2016,10,B,1926,11.104167,,,,,,,,,,
383,13/07/2016,10,M,1926,9.916667,,,,,,,,,,
384,13/07/2016,10,T,1926,9.145833,,,,,,,,,,
404,14/07/2016,1,B,794,14.604167,,,,,,,,,,
405,14/07/2016,1,M,794,13.5625,,,,,,,,,,
406,14/07/2016,1,T,794,14.479167,,,,,,,,,,
407,14/07/2016,2,A,922,13.354167,,,,,,,,,,
408,14/07/2016,3,A,1049,9.541667,,,,,,,,,,
409,14/07/2016,4,A,1175,5.541667,,,,,,,,,,
410,14/07/2016,4,B,1175,11,,,,,,,,,,
411,14/07/2016,4,M,1175,10.125,,,,,,,,,,
412,14/07/2016,4,T,1175,8.041667,,,,,,,,,,
413,14/07/2016,5,A,1299,11.020833,,,,,,,,,,
414,14/07/2016,6,A,1425,10.645833,,,,,,,,,,
415,14/07/2016,7,B,1551,13.583333,,,,,,,,,,
416,14/07/2016,7,M,1551,12.1875,,,,,,,,,,
417,14/07/2016,7,T,1551,10.125,,,,,,,,,,
418,14/07/2016,8,A,1684,5.708333,,,,,,,,,,
400,14/07/2016,10,A,1926,8.520833,,,,,,,,,,
401,14/07/2016,10,B,1926,11.6875,,,,,,,,,,
402,14/07/2016,10,M,1926,10.270833,,,,,,,,,,
403,14/07/2016,10,T,1926,9.666667,,,,,,,,,,
423,15/07/2016,1,B,794,14.354167,14.02678571,,,,,,,,,
424,15/07/2016,1,M,794,13.416667,13.34226186,,,,,,,,,
425,15/07/2016,1,T,794,14.166667,13.702381,,,,,,,,,
426,15/07/2016,2,A,922,13.0625,12.9375,,,,,,,,,
427,15/07/2016,3,A,1049,9.854167,8.889881,,,,,,,,,
428,15/07/2016,4,A,1175,5.6875,5.431547714,,,,,,,,,
429,15/07/2016,4,B,1175,10.666667,9.639881,,,,,,,,,
430,15/07/2016,4,M,1175,10.083333,9.336309571,,,,,,,,,
431,15/07/2016,4,T,1175,7.791667,6.854166571,,,,,,,,,
432,15/07/2016,5,A,1299,11.125,10.60119043,,,,,,,,,
433,15/07/2016,6,A,1425,10.979167,10.78869043,,,,,,,,,
434,15/07/2016,7,B,1551,12.9375,11.392857,,,,,,,,,
435,15/07/2016,7,M,1551,11.895833,10.80952386,,,,,,,,,
436,15/07/2016,7,T,1551,10.166667,9.613095429,,,,,,,,,
437,15/07/2016,8,A,1684,5.8125,5.770833286,,,,,,,,,
419,15/07/2016,10,A,1926,10.6875,9.193452286,,,,,,,,,
420,15/07/2016,10,B,1926,10.708333,9.937499857,,,,,,,,,
421,15/07/2016,10,M,1926,10.791667,9.556547714,,,,,,,,,
422,15/07/2016,10,T,1926,10.020833,9.127976,,,,,,,,,
442,16/07/2016,1,B,794,14.770833,,,,,,,,,,
443,16/07/2016,1,M,794,13.8125,,,,,,,,,,
444,16/07/2016,1,T,794,14.5,,,,,,,,,,
445,16/07/2016,2,A,922,13.916667,,,,,,,,,,
446,16/07/2016,3,A,1049,9.833333,,,,,,,,,,
447,16/07/2016,4,A,1175,6,,,,,,,,,,
448,16/07/2016,4,B,1175,10.958333,,,,,,,,,,
449,16/07/2016,4,M,1175,10.541667,,,,,,,,,,
450,16/07/2016,4,T,1175,7.291667,,,,,,,,,,
451,16/07/2016,5,A,1299,11.395833,,,,,,,,,,
452,16/07/2016,6,A,1425,11.3125,,,,,,,,,,
453,16/07/2016,7,B,1551,13.083333,,,,,,,,,,
454,16/07/2016,7,M,1551,12.166667,,,,,,,,,,
455,16/07/2016,7,T,1551,10.416667,,,,,,,,,,
456,16/07/2016,8,A,1684,6.25,,,,,,,,,,
438,16/07/2016,10,A,1926,10.583333,,,,,,,,,,
439,16/07/2016,10,B,1926,12.0625,,,,,,,,,,
440,16/07/2016,10,M,1926,11.791667,,,,,,,,,,
441,16/07/2016,10,T,1926,10.604167,,,,,,,,,,
461,17/07/2016,1,B,794,15.166667,,,,,,,,,,
462,17/07/2016,1,M,794,14.333333,,,,,,,,,,
463,17/07/2016,1,T,794,15.083333,,,,,,,,,,
464,17/07/2016,2,A,922,14.270833,,,,,,,,,,
465,17/07/2016,3,A,1049,9.604167,,,,,,,,,,
466,17/07/2016,4,A,1175,5.8125,,,,,,,,,,
467,17/07/2016,4,B,1175,11.104167,,,,,,,,,,
468,17/07/2016,4,M,1175,10.479167,,,,,,,,,,
469,17/07/2016,4,T,1175,7.520833,,,,,,,,,,
470,17/07/2016,5,A,1299,11.5,,,,,,,,,,
471,17/07/2016,6,A,1425,11.604167,,,,,,,,,,
472,17/07/2016,7,B,1551,13.708333,,,,,,,,,,
473,17/07/2016,7,M,1551,12.6875,,,,,,,,,,
474,17/07/2016,7,T,1551,10.833333,,,,,,,,,,
475,17/07/2016,8,A,1684,6.604167,,,,,,,,,,
457,17/07/2016,10,A,1926,9.9375,,,,,,,,,,
458,17/07/2016,10,B,1926,11.8125,,,,,,,,,,
459,17/07/2016,10,M,1926,10.958333,,,,,,,,,,
460,17/07/2016,10,T,1926,10.145833,,,,,,,,,,
480,18/07/2016,1,B,794,15.5625,,,,,,,,,,
481,18/07/2016,1,M,794,14.791667,,,,,,,,,,
482,18/07/2016,1,T,794,15.166667,,,,,,,,,,
483,18/07/2016,2,A,922,14.541667,,,,,,,,,,
484,18/07/2016,3,A,1049,9.791667,,,,,,,,,,
485,18/07/2016,4,A,1175,6.0625,,,,,,,,,,
486,18/07/2016,4,B,1175,10.979167,,,,,,,,,,
487,18/07/2016,4,M,1175,10.625,,,,,,,,,,
488,18/07/2016,4,T,1175,8.208333,,,,,,,,,,
489,18/07/2016,5,A,1299,11.6875,,,,,,,,,,
490,18/07/2016,6,A,1425,11.770833,,,,,,,,,,
491,18/07/2016,7,B,1551,13.395833,,,,,,,,,,
492,18/07/2016,7,M,1551,12.666667,,,,,,,,,,
493,18/07/2016,7,T,1551,10.916667,,,,,,,,,,
494,18/07/2016,8,A,1684,6.666667,,,,,,,,,,
476,18/07/2016,10,A,1926,9.75,,,,,,,,,,
477,18/07/2016,10,B,1926,12.6875,,,,,,,,,,
478,18/07/2016,10,M,1926,11.395833,,,,,,,,,,
479,18/07/2016,10,T,1926,10.520833,,,,,,,,,,
499,19/07/2016,1,B,794,13.583333,,,,,,,,,,
500,19/07/2016,1,M,794,13.145833,,,,,,,,,,
501,19/07/2016,1,T,794,13.0625,,,,,,,,,,
502,19/07/2016,2,A,922,12.6875,,,,,,,,,,
503,19/07/2016,3,A,1049,8.5625,,,,,,,,,,
504,19/07/2016,4,A,1175,5.4375,,,,,,,,,,
505,19/07/2016,4,B,1175,8.666667,,,,,,,,,,
506,19/07/2016,4,M,1175,8.729167,,,,,,,,,,
507,19/07/2016,4,T,1175,6.8125,,,,,,,,,,
508,19/07/2016,5,A,1299,10.291667,,,,,,,,,,
509,19/07/2016,6,A,1425,10.645833,,,,,,,,,,
510,19/07/2016,7,B,1551,9.604167,,,,,,,,,,
511,19/07/2016,7,M,1551,9.854167,,,,,,,,,,
512,19/07/2016,7,T,1551,9.104167,,,,,,,,,,
513,19/07/2016,8,A,1684,5.833333,,,,,,,,,,
495,19/07/2016,10,A,1926,8.625,,,,,,,,,,
496,19/07/2016,10,B,1926,8.8125,,,,,,,,,,
497,19/07/2016,10,M,1926,8.166667,,,,,,,,,,
498,19/07/2016,10,T,1926,8.583333,,,,,,,,,,
518,20/07/2016,1,B,794,13.104167,,,,,,,,,,
519,20/07/2016,1,M,794,12.645833,,,,,,,,,,
520,20/07/2016,1,T,794,12.708333,,,,,,,,,,
521,20/07/2016,2,A,922,11.770833,,,,,,,,,,
522,20/07/2016,3,A,1049,7.645833,,,,,,,,,,
523,20/07/2016,4,A,1175,4.854167,,,,,,,,,,
524,20/07/2016,4,B,1175,8.145833,,,,,,,,,,
525,20/07/2016,4,M,1175,8,,,,,,,,,,
526,20/07/2016,4,T,1175,5.645833,,,,,,,,,,
527,20/07/2016,5,A,1299,9.458333,,,,,,,,,,
528,20/07/2016,6,A,1425,9.895833,,,,,,,,,,
529,20/07/2016,7,B,1551,8.770833,,,,,,,,,,
530,20/07/2016,7,M,1551,8.520833,,,,,,,,,,
531,20/07/2016,7,T,1551,8.229167,,,,,,,,,,
532,20/07/2016,8,A,1684,4.833333,,,,,,,,,,
514,20/07/2016,10,A,1926,7.770833,,,,,,,,,,
515,20/07/2016,10,B,1926,7.083333,,,,,,,,,,
516,20/07/2016,10,M,1926,7.104167,,,,,,,,,,
517,20/07/2016,10,T,1926,7.395833,,,,,,,,,,
537,21/07/2016,1,B,794,11.645833,,,,,,,,,,
538,21/07/2016,1,M,794,11.25,,,,,,,,,,
539,21/07/2016,1,T,794,11.229167,,,,,,,,,,
540,21/07/2016,2,A,922,10.3125,,,,,,,,,,
541,21/07/2016,3,A,1049,6.9375,,,,,,,,,,
542,21/07/2016,4,A,1175,4.166667,,,,,,,,,,
543,21/07/2016,4,B,1175,6.958333,,,,,,,,,,
544,21/07/2016,4,M,1175,6.895833,,,,,,,,,,
545,21/07/2016,4,T,1175,4.708333,,,,,,,,,,
546,21/07/2016,5,A,1299,8.75,,,,,,,,,,
547,21/07/2016,6,A,1425,9.3125,,,,,,,,,,
548,21/07/2016,7,B,1551,8.25,,,,,,,,,,
549,21/07/2016,7,M,1551,7.875,,,,,,,,,,
550,21/07/2016,7,T,1551,7.625,,,,,,,,,,
551,21/07/2016,8,A,1684,4.395833,,,,,,,,,,
533,21/07/2016,10,A,1926,7,,,,,,,,,,
534,21/07/2016,10,B,1926,6.395833,,,,,,,,,,
535,21/07/2016,10,M,1926,6.6875,,,,,,,,,,
536,21/07/2016,10,T,1926,6.625,,,,,,,,,,
556,22/07/2016,1,B,794,11.979167,9.797619,,,,,,,,,
557,22/07/2016,1,M,794,11.583333,9.312500143,,,,,,,,,
558,22/07/2016,1,T,794,12.145833,9.122023571,,,,,,,,,
559,22/07/2016,2,A,922,10.229167,8.735118857,,,,,,,,,
560,22/07/2016,3,A,1049,6.895833,5.291666571,,,,,,,,,
561,22/07/2016,4,A,1175,4.020833,3.446428429,,,,,,,,,
562,22/07/2016,4,B,1175,7.479167,6.220238286,,,,,,,,,
563,22/07/2016,4,M,1175,6.875,5.886904857,,,,,,,,,
564,22/07/2016,4,T,1175,4.6875,4.714285714,,,,,,,,,
565,22/07/2016,5,A,1299,8.916667,7.431547714,,,,,,,,,
566,22/07/2016,6,A,1425,9.5625,7.75,,,,,,,,,
567,22/07/2016,7,B,1551,9.9375,8.321428714,,,,,,,,,
568,22/07/2016,7,M,1551,8.875,7.467261857,,,,,,,,,
569,22/07/2016,7,T,1551,8.020833,6.848214286,,,,,,,,,
570,22/07/2016,8,A,1684,4.5,4.369047714,,,,,,,,,
552,22/07/2016,10,A,1926,7.8125,6.574404857,,,,,,,,,
553,22/07/2016,10,B,1926,8.375,7.255952286,,,,,,,,,
554,22/07/2016,10,M,1926,8.166667,6.556547571,,,,,,,,,
555,22/07/2016,10,T,1926,7.729167,7.556547571,,,,,,,,,
575,23/07/2016,1,B,794,10.25,9.613095143,,,,,,,,,
576,23/07/2016,1,M,794,9.9375,,,,,,,,,,
577,23/07/2016,1,T,794,9.8125,,,,,,,,,,
578,23/07/2016,2,A,922,9.083333,,,,,,,,,,
579,23/07/2016,3,A,1049,6.208333,,,,,,,,,,
580,23/07/2016,4,A,1175,3.833333,,,,,,,,,,
581,23/07/2016,4,B,1175,5.541667,,,,,,,,,,
582,23/07/2016,4,M,1175,6.104167,,,,,,,,,,
583,23/07/2016,4,T,1175,4.083333,,,,,,,,,,
584,23/07/2016,5,A,1299,8.041667,,,,,,,,,,
585,23/07/2016,6,A,1425,8.8125,,,,,,,,,,
586,23/07/2016,7,B,1551,7.229167,,,,,,,,,,
587,23/07/2016,7,M,1551,7.4375,,,,,,,,,,
588,23/07/2016,7,T,1551,7.145833,,,,,,,,,,
589,23/07/2016,8,A,1684,4.208333,,,,,,,,,,
571,23/07/2016,10,A,1926,6.854167,,,,,,,,,,
572,23/07/2016,10,B,1926,5.708333,,,,,,,,,,
573,23/07/2016,10,M,1926,6.145833,,,,,,,,,,
574,23/07/2016,10,T,1926,6.354167,,,,,,,,,,
594,24/07/2016,1,B,794,11.395833,,,,,,,,,,
595,24/07/2016,1,M,794,11.041667,,,,,,,,,,
596,24/07/2016,1,T,794,11.416667,,,,,,,,,,
597,24/07/2016,2,A,922,9.395833,,,,,,,,,,
598,24/07/2016,3,A,1049,6.479167,,,,,,,,,,
599,24/07/2016,4,A,1175,3.854167,,,,,,,,,,
600,24/07/2016,4,B,1175,7.270833,,,,,,,,,,
601,24/07/2016,4,M,1175,6.541667,,,,,,,,,,
602,24/07/2016,4,T,1175,3.875,,,,,,,,,,
603,24/07/2016,5,A,1299,8.416667,,,,,,,,,,
604,24/07/2016,6,A,1425,9.125,,,,,,,,,,
605,24/07/2016,7,B,1551,9.354167,,,,,,,,,,
606,24/07/2016,7,M,1551,8.125,,,,,,,,,,
607,24/07/2016,7,T,1551,7.541667,,,,,,,,,,
608,24/07/2016,8,A,1684,3.791667,,,,,,,,,,
590,24/07/2016,10,A,1926,7.520833,,,,,,,,,,
591,24/07/2016,10,B,1926,7.8125,,,,,,,,,,
592,24/07/2016,10,M,1926,7.645833,,,,,,,,,,
593,24/07/2016,10,T,1926,7.479167,,,,,,,,,,
613,25/07/2016,1,B,794,11.875,,,,,,,,,,
614,25/07/2016,1,M,794,11.041667,,,,,,,,,,
615,25/07/2016,1,T,794,10.895833,,,,,,,,,,
616,25/07/2016,2,A,922,10.458333,,,,,,,,,,
617,25/07/2016,3,A,1049,6.6875,,,,,,,,,,
618,25/07/2016,4,A,1175,4.145833,,,,,,,,,,
619,25/07/2016,4,B,1175,7.291667,,,,,,,,,,
620,25/07/2016,4,M,1175,7.083333,,,,,,,,,,
621,25/07/2016,4,T,1175,4.583333,,,,,,,,,,
622,25/07/2016,5,A,1299,8.916667,,,,,,,,,,
623,25/07/2016,6,A,1425,9.458333,,,,,,,,,,
624,25/07/2016,7,B,1551,10.520833,,,,,,,,,,
625,25/07/2016,7,M,1551,8.895833,,,,,,,,,,
626,25/07/2016,7,T,1551,8.229167,,,,,,,,,,
627,25/07/2016,8,A,1684,4.5,,,,,,,,,,
609,25/07/2016,10,A,1926,7.666667,,,,,,,,,,
610,25/07/2016,10,B,1926,8.770833,,,,,,,,,,
611,25/07/2016,10,M,1926,7.75,,,,,,,,,,
612,25/07/2016,10,T,1926,8.145833,,,,,,,,,,
632,26/07/2016,1,B,794,11.645833,,,,,,,,,,
633,26/07/2016,1,M,794,10.854167,,,,,,,,,,
634,26/07/2016,1,T,794,10.75,,,,,,,,,,
635,26/07/2016,2,A,922,10.645833,,,,,,,,,,
636,26/07/2016,3,A,1049,6.4375,,,,,,,,,,
637,26/07/2016,4,A,1175,4.1875,,,,,,,,,,
638,26/07/2016,4,B,1175,7.270833,,,,,,,,,,
639,26/07/2016,4,M,1175,7.166667,,,,,,,,,,
640,26/07/2016,4,T,1175,4.875,,,,,,,,,,
641,26/07/2016,5,A,1299,8.833333,,,,,,,,,,
642,26/07/2016,6,A,1425,9.416667,,,,,,,,,,
643,26/07/2016,7,B,1551,9.979167,,,,,,,,,,
644,26/07/2016,7,M,1551,9.041667,,,,,,,,,,
645,26/07/2016,7,T,1551,8.208333,,,,,,,,,,
646,26/07/2016,8,A,1684,4.791667,,,,,,,,,,
628,26/07/2016,10,A,1926,8.229167,,,,,,,,,,
629,26/07/2016,10,B,1926,8.854167,,,,,,,,,,
630,26/07/2016,10,M,1926,8.208333,,,,,,,,,,
631,26/07/2016,10,T,1926,8.354167,,,,,,,,,,
651,27/07/2016,1,B,794,11.1875,,,,,,,,,,
652,27/07/2016,1,M,794,10.520833,,,,,,,,,,
653,27/07/2016,1,T,794,10.270833,,,,,,,,,,
654,27/07/2016,2,A,922,10.708333,,,,,,,,,,
655,27/07/2016,3,A,1049,6.270833,,,,,,,,,,
656,27/07/2016,4,A,1175,3.9375,,,,,,,,,,
657,27/07/2016,4,B,1175,7.291667,,,,,,,,,,
658,27/07/2016,4,M,1175,6.833333,,,,,,,,,,
659,27/07/2016,4,T,1175,4.958333,,,,,,,,,,
660,27/07/2016,5,A,1299,8.5,,,,,,,,,,
661,27/07/2016,6,A,1425,9.125,,,,,,,,,,
662,27/07/2016,7,B,1551,9.895833,,,,,,,,,,
663,27/07/2016,7,M,1551,8.6875,,,,,,,,,,
664,27/07/2016,7,T,1551,8.145833,,,,,,,,,,
665,27/07/2016,8,A,1684,4.791667,,,,,,,,,,
647,27/07/2016,10,A,1926,7.791667,,,,,,,,,,
648,27/07/2016,10,B,1926,8.958333,,,,,,,,,,
649,27/07/2016,10,M,1926,8.0625,,,,,,,,,,
650,27/07/2016,10,T,1926,8.395833,,,,,,,,,,
670,28/07/2016,1,B,794,11.958333,,,,,,,,,,
671,28/07/2016,1,M,794,10.729167,,,,,,,,,,
672,28/07/2016,1,T,794,10.708333,,,,,,,,,,
673,28/07/2016,2,A,922,11.333333,,,,,,,,,,
674,28/07/2016,3,A,1049,6.916667,,,,,,,,,,
675,28/07/2016,4,A,1175,4.083333,,,,,,,,,,
676,28/07/2016,4,B,1175,8.104167,,,,,,,,,,
677,28/07/2016,4,M,1175,7.4375,,,,,,,,,,
678,28/07/2016,4,T,1175,5.854167,,,,,,,,,,
679,28/07/2016,5,A,1299,8.895833,,,,,,,,,,
680,28/07/2016,6,A,1425,9.458333,,,,,,,,,,
681,28/07/2016,7,B,1551,11.229167,,,,,,,,,,
682,28/07/2016,7,M,1551,9.625,,,,,,,,,,
683,28/07/2016,7,T,1551,8.791667,,,,,,,,,,
684,28/07/2016,8,A,1684,5.145833,,,,,,,,,,
666,28/07/2016,10,A,1926,7.9375,,,,,,,,,,
667,28/07/2016,10,B,1926,9.6875,,,,,,,,,,
668,28/07/2016,10,M,1926,7.979167,,,,,,,,,,
669,28/07/2016,10,T,1926,8.875,,,,,,,,,,
689,29/07/2016,1,B,794,10.9375,10.21130957,,,,,,,,,
690,29/07/2016,1,M,794,9.541667,9.211309571,,,,,,,,,
691,29/07/2016,1,T,794,9.583333,9.154761857,,,,,,,,,
692,29/07/2016,2,A,922,10.291667,9.797619,,,,,,,,,
693,29/07/2016,3,A,1049,6.354167,5.946428714,,,,,,,,,
694,29/07/2016,4,A,1175,3.875,3.800595286,,,,,,,,,
695,29/07/2016,4,B,1175,7.041667,7.148809571,,,,,,,,,
696,29/07/2016,4,M,1175,6.833333,6.755952429,,,,,,,,,
697,29/07/2016,4,T,1175,5.729167,5.663690571,,,,,,,,,
698,29/07/2016,5,A,1299,8.416667,8.383928571,,,,,,,,,
699,29/07/2016,6,A,1425,9.1875,8.836309571,,,,,,,,,
700,29/07/2016,7,B,1551,11.0625,10.82440471,,,,,,,,,
701,29/07/2016,7,M,1551,9.583333,9.321428429,,,,,,,,,
702,29/07/2016,7,T,1551,8.770833,8.607142857,,,,,,,,,
703,29/07/2016,8,A,1684,5.041667,5.113095143,,,,,,,,,
685,29/07/2016,10,A,1926,7.479167,7.270833286,,,,,,,,,
686,29/07/2016,10,B,1926,9.770833,10.55059529,,,,,,,,,
687,29/07/2016,10,M,1926,8.229167,8.583333429,,,,,,,,,
688,29/07/2016,10,T,1926,8.333333,8.714285714,,,,,,,,,
708,30/07/2016,1,B,794,10.020833,,,,,,,,,,
709,30/07/2016,1,M,794,9.104167,,,,,,,,,,
710,30/07/2016,1,T,794,9.020833,,,,,,,,,,
711,30/07/2016,2,A,922,9.395833,,,,,,,,,,
712,30/07/2016,3,A,1049,5.770833,,,,,,,,,,
713,30/07/2016,4,A,1175,3.666667,,,,,,,,,,
714,30/07/2016,4,B,1175,6.895833,,,,,,,,,,
715,30/07/2016,4,M,1175,6.375,,,,,,,,,,
716,30/07/2016,4,T,1175,5.375,,,,,,,,,,
717,30/07/2016,5,A,1299,8.145833,,,,,,,,,,
718,30/07/2016,6,A,1425,8.791667,,,,,,,,,,
719,30/07/2016,7,B,1551,10.25,,,,,,,,,,
720,30/07/2016,7,M,1551,9.020833,,,,,,,,,,
721,30/07/2016,7,T,1551,8.416667,,,,,,,,,,
722,30/07/2016,8,A,1684,4.979167,,,,,,,,,,
704,30/07/2016,10,A,1926,7.1875,,,,,,,,,,
705,30/07/2016,10,B,1926,10.166667,,,,,,,,,,
706,30/07/2016,10,M,1926,8.416667,,,,,,,,,,
707,30/07/2016,10,T,1926,8.458333,,,,,,,,,,
727,31/07/2016,1,B,794,9.583333,,,,,,,,,,
728,31/07/2016,1,M,794,8.3125,,,,,,,,,,
729,31/07/2016,1,T,794,8.333333,,,,,,,,,,
730,31/07/2016,2,A,922,9.166667,,,,,,,,,,
731,31/07/2016,3,A,1049,5.354167,,,,,,,,,,
732,31/07/2016,4,A,1175,3.375,,,,,,,,,,
733,31/07/2016,4,B,1175,6.5,,,,,,,,,,
734,31/07/2016,4,M,1175,6.041667,,,,,,,,,,
735,31/07/2016,4,T,1175,5.1875,,,,,,,,,,
736,31/07/2016,5,A,1299,7.895833,,,,,,,,,,
737,31/07/2016,6,A,1425,8.5625,,,,,,,,,,
738,31/07/2016,7,B,1551,10.958333,,,,,,,,,,
739,31/07/2016,7,M,1551,9.145833,,,,,,,,,,
740,31/07/2016,7,T,1551,8.604167,,,,,,,,,,
741,31/07/2016,8,A,1684,4.958333,,,,,,,,,,
723,31/07/2016,10,A,1926,7.395833,,,,,,,,,,
724,31/07/2016,10,B,1926,11.291667,,,,,,,,,,
725,31/07/2016,10,M,1926,9.104167,,,,,,,,,,
726,31/07/2016,10,T,1926,9.041667,,,,,,,,,,
746,01/08/2016,1,B,794,11.166667,,,,,,,,,,
747,01/08/2016,1,M,794,9.979167,,,,,,,,,,
748,01/08/2016,1,T,794,9.875,,,,,,,,,,
749,01/08/2016,2,A,922,10.520833,,,,,,,,,,
750,01/08/2016,3,A,1049,6.5,,,,,,,,,,
751,01/08/2016,4,A,1175,4.041667,,,,,,,,,,
752,01/08/2016,4,B,1175,8.291667,,,,,,,,,,
753,01/08/2016,4,M,1175,7.6875,,,,,,,,,,
754,01/08/2016,4,T,1175,6.291667,,,,,,,,,,
755,01/08/2016,5,A,1299,9.083333,,,,,,,,,,
756,01/08/2016,6,A,1425,9.395833,,,,,,,,,,
757,01/08/2016,7,B,1551,12.395833,,,,,,,,,,
758,01/08/2016,7,M,1551,10.604167,,,,,,,,,,
759,01/08/2016,7,T,1551,9.1875,,,,,,,,,,
760,01/08/2016,8,A,1684,5.5,,,,,,,,,,
742,01/08/2016,10,A,1926,7.75,,,,,,,,,,
743,01/08/2016,10,B,1926,11.875,,,,,,,,,,
744,01/08/2016,10,M,1926,9.4375,,,,,,,,,,
745,01/08/2016,10,T,1926,9.5,,,,,,,,,,
765,02/08/2016,1,B,794,10.0625,,,,,,,,,,
766,02/08/2016,1,M,794,9.145833,,,,,,,,,,
767,02/08/2016,1,T,794,9.104167,,,,,,,,,,
768,02/08/2016,2,A,922,9.916667,,,,,,,,,,
769,02/08/2016,3,A,1049,6.104167,,,,,,,,,,
770,02/08/2016,4,A,1175,3.9375,,,,,,,,,,
771,02/08/2016,4,B,1175,7.208333,,,,,,,,,,
772,02/08/2016,4,M,1175,6.979167,,,,,,,,,,
773,02/08/2016,4,T,1175,5.9375,,,,,,,,,,
774,02/08/2016,5,A,1299,8.604167,,,,,,,,,,
775,02/08/2016,6,A,1425,8.9375,,,,,,,,,,
776,02/08/2016,7,B,1551,11.0625,,,,,,,,,,
777,02/08/2016,7,M,1551,9.75,,,,,,,,,,
778,02/08/2016,7,T,1551,8.8125,,,,,,,,,,
779,02/08/2016,8,A,1684,5.395833,,,,,,,,,,
761,02/08/2016,10,A,1926,7.5,,,,,,,,,,
762,02/08/2016,10,B,1926,11.5,,,,,,,,,,
763,02/08/2016,10,M,1926,9.1875,,,,,,,,,,
764,02/08/2016,10,T,1926,9.270833,,,,,,,,,,
784,03/08/2016,1,B,794,10.104167,,,,,,,,,,
785,03/08/2016,1,M,794,9.583333,,,,,,,,,,
786,03/08/2016,1,T,794,9.416667,,,,,,,,,,
787,03/08/2016,2,A,922,9.770833,,,,,,,,,,
788,03/08/2016,3,A,1049,5.916667,,,,,,,,,,
789,03/08/2016,4,A,1175,3.895833,,,,,,,,,,
790,03/08/2016,4,B,1175,6.979167,,,,,,,,,,
791,03/08/2016,4,M,1175,6.708333,,,,,,,,,,
792,03/08/2016,4,T,1175,5.520833,,,,,,,,,,
793,03/08/2016,5,A,1299,8.354167,,,,,,,,,,
794,03/08/2016,6,A,1425,8.625,,,,,,,,,,
795,03/08/2016,7,B,1551,8.75,,,,,,,,,,
796,03/08/2016,7,M,1551,8.145833,,,,,,,,,,
797,03/08/2016,7,T,1551,7.895833,,,,,,,,,,
798,03/08/2016,8,A,1684,4.958333,,,,,,,,,,
780,03/08/2016,10,A,1926,6.6875,,,,,,,,,,
781,03/08/2016,10,B,1926,8.583333,,,,,,,,,,
782,03/08/2016,10,M,1926,7.145833,,,,,,,,,,
783,03/08/2016,10,T,1926,7.729167,,,,,,,,,,
803,04/08/2016,1,B,794,9.604167,,,,,,,,,,
804,04/08/2016,1,M,794,8.8125,,,,,,,,,,
805,04/08/2016,1,T,794,8.75,,,,,,,,,,
806,04/08/2016,2,A,922,9.520833,,,,,,,,,,
807,04/08/2016,3,A,1049,5.625,,,,,,,,,,
808,04/08/2016,4,A,1175,3.8125,,,,,,,,,,
809,04/08/2016,4,B,1175,7.125,,,,,,,,,,
810,04/08/2016,4,M,1175,6.666667,,,,,,,,,,
811,04/08/2016,4,T,1175,5.604167,,,,,,,,,,
812,04/08/2016,5,A,1299,8.1875,,,,,,,,,,
813,04/08/2016,6,A,1425,8.354167,,,,,,,,,,
814,04/08/2016,7,B,1551,11.291667,,,,,,,,,,
815,04/08/2016,7,M,1551,9,,,,,,,,,,
816,04/08/2016,7,T,1551,8.5625,,,,,,,,,,
817,04/08/2016,8,A,1684,4.958333,,,,,,,,,,
799,04/08/2016,10,A,1926,6.895833,,,,,,,,,,
800,04/08/2016,10,B,1926,10.666667,,,,,,,,,,
801,04/08/2016,10,M,1926,8.5625,,,,,,,,,,
802,04/08/2016,10,T,1926,8.666667,,,,,,,,,,
822,05/08/2016,1,B,794,10.270833,11.50231478,,,,,,,,,
823,05/08/2016,1,M,794,9.770833,9.826388778,,,,,,,,,
824,05/08/2016,1,T,794,9.645833,10.34490744,,,,,,,,,
825,05/08/2016,2,A,922,9.8125,10.08101856,,,,,,,,,
826,05/08/2016,3,A,1049,6.0625,6.067129556,,,,,,,,,
827,05/08/2016,4,A,1175,3.9375,4.120370333,,,,,,,,,
828,05/08/2016,4,B,1175,7.583333,7.351851778,,,,,,,,,
829,05/08/2016,4,M,1175,7.041667,6.988426,,,,,,,,,
830,05/08/2016,4,T,1175,5.9375,5.870370333,,,,,,,,,
831,05/08/2016,5,A,1299,8.479167,8.497685222,,,,,,,,,
832,05/08/2016,6,A,1425,8.520833,8.511574111,,,,,,,,,
833,05/08/2016,7,B,1551,10.479167,10.47222222,,,,,,,,,
834,05/08/2016,7,M,1551,9.020833,8.967592667,,,,,,,,,
835,05/08/2016,7,T,1551,8.333333,8.513888778,,,,,,,,,
836,05/08/2016,8,A,1684,5.208333,4.983796444,,,,,,,,,
818,05/08/2016,10,A,1926,7.104167,6.662037,,,,,,,,,
819,05/08/2016,10,B,1926,10.416667,9.395833556,,,,,,,,,
820,05/08/2016,10,M,1926,8.604167,7.775463,,,,,,,,,
821,05/08/2016,10,T,1926,8.854167,8.499999889,,,,,,,,,
841,06/08/2016,1,B,794,11.8125,,,,,,,,,,
842,06/08/2016,1,M,794,11.25,,,,,,,,,,
843,06/08/2016,1,T,794,10.958333,,,,,,,,,,
844,06/08/2016,2,A,922,10.875,,,,,,,,,,
845,06/08/2016,3,A,1049,7.104167,,,,,,,,,,
846,06/08/2016,4,A,1175,4.479167,,,,,,,,,,
847,06/08/2016,4,B,1175,8.666667,,,,,,,,,,
848,06/08/2016,4,M,1175,8.020833,,,,,,,,,,
849,06/08/2016,4,T,1175,6.604167,,,,,,,,,,
850,06/08/2016,5,A,1299,9.3125,,,,,,,,,,
851,06/08/2016,6,A,1425,9.375,,,,,,,,,,
852,06/08/2016,7,B,1551,12.666667,,,,,,,,,,
853,06/08/2016,7,M,1551,10.75,,,,,,,,,,
854,06/08/2016,7,T,1551,9.395833,,,,,,,,,,
855,06/08/2016,8,A,1684,5.541667,,,,,,,,,,
837,06/08/2016,10,A,1926,7.8125,,,,,,,,,,
838,06/08/2016,10,B,1926,11.895833,,,,,,,,,,
839,06/08/2016,10,M,1926,10.375,,,,,,,,,,
840,06/08/2016,10,T,1926,9.833333,,,,,,,,,,
860,07/08/2016,1,B,794,11.604167,,,,,,,,,,
861,07/08/2016,1,M,794,10.166667,,,,,,,,,,
862,07/08/2016,1,T,794,10.666667,,,,,,,,,,
863,07/08/2016,2,A,922,10.1875,,,,,,,,,,
864,07/08/2016,3,A,1049,6.708333,,,,,,,,,,
865,07/08/2016,4,A,1175,4.3125,,,,,,,,,,
866,07/08/2016,4,B,1175,7.645833,,,,,,,,,,
867,07/08/2016,4,M,1175,7.3125,,,,,,,,,,
868,07/08/2016,4,T,1175,6.270833,,,,,,,,,,
869,07/08/2016,5,A,1299,8.9375,,,,,,,,,,
870,07/08/2016,6,A,1425,8.916667,,,,,,,,,,
871,07/08/2016,7,B,1551,11.625,,,,,,,,,,
872,07/08/2016,7,M,1551,10.229167,,,,,,,,,,
873,07/08/2016,7,T,1551,9.208333,,,,,,,,,,
874,07/08/2016,8,A,1684,5.416667,,,,,,,,,,
856,07/08/2016,10,A,1926,7.25,,,,,,,,,,
857,07/08/2016,10,B,1926,10.604167,,,,,,,,,,
858,07/08/2016,10,M,1926,9,,,,,,,,,,
859,07/08/2016,10,T,1926,9.645833,,,,,,,,,,
879,08/08/2016,1,B,794,12.958333,,,,,,,,,,
880,08/08/2016,1,M,794,10.833333,,,,,,,,,,
881,08/08/2016,1,T,794,11.541667,,,,,,,,,,
882,08/08/2016,2,A,922,10.666667,,,,,,,,,,
883,08/08/2016,3,A,1049,6.770833,,,,,,,,,,
884,08/08/2016,4,A,1175,4.3125,,,,,,,,,,
885,08/08/2016,4,B,1175,8.041667,,,,,,,,,,
886,08/08/2016,4,M,1175,7.541667,,,,,,,,,,
887,08/08/2016,4,T,1175,6.270833,,,,,,,,,,
888,08/08/2016,5,A,1299,9.083333,,,,,,,,,,
889,08/08/2016,6,A,1425,9.083333,,,,,,,,,,
890,08/08/2016,7,B,1551,11.666667,,,,,,,,,,
891,08/08/2016,7,M,1551,10.041667,,,,,,,,,,
892,08/08/2016,7,T,1551,9.229167,,,,,,,,,,
893,08/08/2016,8,A,1684,5.416667,,,,,,,,,,
875,08/08/2016,10,A,1926,7.333333,,,,,,,,,,
876,08/08/2016,10,B,1926,10.041667,,,,,,,,,,
877,08/08/2016,10,M,1926,8.833333,,,,,,,,,,
878,08/08/2016,10,T,1926,9.229167,,,,,,,,,,
898,09/08/2016,1,B,794,11.854167,,,,,,,,,,
899,09/08/2016,1,M,794,9.333333,,,,,,,,,,
900,09/08/2016,1,T,794,10.104167,,,,,,,,,,
901,09/08/2016,2,A,922,10.625,,,,,,,,,,
902,09/08/2016,3,A,1049,6,,,,,,,,,,
903,09/08/2016,4,A,1175,4.166667,,,,,,,,,,
904,09/08/2016,4,B,1175,7.145833,,,,,,,,,,
905,09/08/2016,4,M,1175,7.041667,,,,,,,,,,
906,09/08/2016,4,T,1175,5.9375,,,,,,,,,,
907,09/08/2016,5,A,1299,8.520833,,,,,,,,,,
908,09/08/2016,6,A,1425,8.541667,,,,,,,,,,
909,09/08/2016,7,B,1551,11.020833,,,,,,,,,,
910,09/08/2016,7,M,1551,9.416667,,,,,,,,,,
911,09/08/2016,7,T,1551,9.1875,,,,,,,,,,
912,09/08/2016,8,A,1684,5.229167,,,,,,,,,,
894,09/08/2016,10,A,1926,7,,,,,,,,,,
895,09/08/2016,10,B,1926,10.291667,,,,,,,,,,
896,09/08/2016,10,M,1926,8.3125,,,,,,,,,,
897,09/08/2016,10,T,1926,9.333333,,,,,,,,,,
917,10/08/2016,1,B,794,10.916667,,,,,,,,,,
918,10/08/2016,1,M,794,8.625,,,,,,,,,,
919,10/08/2016,1,T,794,9.5,,,,,,,,,,
920,10/08/2016,2,A,922,10.0625,,,,,,,,,,
921,10/08/2016,3,A,1049,5.395833,,,,,,,,,,
922,10/08/2016,4,A,1175,3.958333,,,,,,,,,,
923,10/08/2016,4,B,1175,6.75,,,,,,,,,,
924,10/08/2016,4,M,1175,6.666667,,,,,,,,,,
925,10/08/2016,4,T,1175,5.625,,,,,,,,,,
926,10/08/2016,5,A,1299,8.145833,,,,,,,,,,
927,10/08/2016,6,A,1425,8.166667,,,,,,,,,,
928,10/08/2016,7,B,1551,9.458333,,,,,,,,,,
929,10/08/2016,7,M,1551,8.25,,,,,,,,,,
930,10/08/2016,7,T,1551,8.25,,,,,,,,,,
931,10/08/2016,8,A,1684,4.895833,,,,,,,,,,
913,10/08/2016,10,A,1926,6.333333,,,,,,,,,,
914,10/08/2016,10,B,1926,8.791667,,,,,,,,,,
915,10/08/2016,10,M,1926,6.791667,,,,,,,,,,
916,10/08/2016,10,T,1926,7.9375,,,,,,,,,,
936,11/08/2016,1,B,794,10.770833,,,,,,,,,,
937,11/08/2016,1,M,794,9.208333,,,,,,,,,,
938,11/08/2016,1,T,794,10.020833,,,,,,,,,,
939,11/08/2016,2,A,922,9.4375,,,,,,,,,,
940,11/08/2016,3,A,1049,5.3125,,,,,,,,,,
941,11/08/2016,4,A,1175,3.9375,,,,,,,,,,
942,11/08/2016,4,B,1175,6.583333,,,,,,,,,,
943,11/08/2016,4,M,1175,6.333333,,,,,,,,,,
944,11/08/2016,4,T,1175,5.395833,,,,,,,,,,
945,11/08/2016,5,A,1299,8.041667,,,,,,,,,,
946,11/08/2016,6,A,1425,8,,,,,,,,,,
947,11/08/2016,7,B,1551,9.479167,,,,,,,,,,
948,11/08/2016,7,M,1551,8.083333,,,,,,,,,,
949,11/08/2016,7,T,1551,8,,,,,,,,,,
950,11/08/2016,8,A,1684,4.5625,,,,,,,,,,
932,11/08/2016,10,A,1926,6,,,,,,,,,,
933,11/08/2016,10,B,1926,8.479167,,,,,,,,,,
934,11/08/2016,10,M,1926,6.6875,,,,,,,,,,
935,11/08/2016,10,T,1926,7.625,,,,,,,,,,
955,12/08/2016,1,B,794,11.25,,,,,,,,,,
956,12/08/2016,1,M,794,9.479167,,,,,,,,,,
957,12/08/2016,1,T,794,10.25,,,,,,,,,,
958,12/08/2016,2,A,922,9.229167,,,,,,,,,,
959,12/08/2016,3,A,1049,5.541667,,,,,,,,,,
960,12/08/2016,4,A,1175,3.833333,,,,,,,,,,
961,12/08/2016,4,B,1175,6.6875,,,,,,,,,,
962,12/08/2016,4,M,1175,6.1875,,,,,,,,,,
963,12/08/2016,4,T,1175,5.25,,,,,,,,,,
964,12/08/2016,5,A,1299,7.854167,,,,,,,,,,
965,12/08/2016,6,A,1425,7.916667,,,,,,,,,,
966,12/08/2016,7,B,1551,8.645833,,,,,,,,,,
967,12/08/2016,7,M,1551,7.25,,,,,,,,,,
968,12/08/2016,7,T,1551,7.458333,,,,,,,,,,
969,12/08/2016,8,A,1684,4.291667,,,,,,,,,,
951,12/08/2016,10,A,1926,5.583333,,,,,,,,,,
952,12/08/2016,10,B,1926,6.9375,,,,,,,,,,
953,12/08/2016,10,M,1926,5.5625,,,,,,,,,,
954,12/08/2016,10,T,1926,7.020833,,,,,,,,,,
974,13/08/2016,1,B,794,12.083333,,,,,,,,,,
975,13/08/2016,1,M,794,9.770833,,,,,,,,,,
976,13/08/2016,1,T,794,10.416667,,,,,,,,,,
977,13/08/2016,2,A,922,9.833333,,,,,,,,,,
978,13/08/2016,3,A,1049,5.708333,,,,,,,,,,
979,13/08/2016,4,A,1175,4.145833,,,,,,,,,,
980,13/08/2016,4,B,1175,7.0625,,,,,,,,,,
981,13/08/2016,4,M,1175,6.75,,,,,,,,,,
982,13/08/2016,4,T,1175,5.541667,,,,,,,,,,
983,13/08/2016,5,A,1299,8.104167,,,,,,,,,,
984,13/08/2016,6,A,1425,8.083333,,,,,,,,,,
985,13/08/2016,7,B,1551,9.208333,,,,,,,,,,
986,13/08/2016,7,M,1551,7.666667,,,,,,,,,,
987,13/08/2016,7,T,1551,7.5625,,,,,,,,,,
988,13/08/2016,8,A,1684,4.291667,,,,,,,,,,
970,13/08/2016,10,A,1926,5.541667,,,,,,,,,,
971,13/08/2016,10,B,1926,7.104167,,,,,,,,,,
972,13/08/2016,10,M,1926,5.8125,,,,,,,,,,
973,13/08/2016,10,T,1926,7.020833,,,,,,,,,,
,,,,,,,,,,,,,,,
,,,,,,,,,,,,,,,
,,,,,,,,,,,,,,,
,,,,,,,,,,,,,,,
,,,,,,,,,,,,,,,
,,,,,,,,,,,,,,,
,,,,,,,,,,,,,,,
,,,,,,,,,,,,,,,
,,,,,,,,,,,,,,,
,,,,,,,,,,,,,,,
,,,,,,,,,,,,,,,
,,,,,,,,,,,,,,,
,,,,,,,,,,,,,,,
,,,,,,,,,,,,,,,
,,,,,,,,,,,,,,,
,,,,,,,,,,,,,,,
,,,,,,,,,,,,,,,